{"cameraMode":{"drawMode":0,"name":"Shaded","section":"Shading Mode"},"sceneLighting":true,"audioPlay":false,"sceneViewState":{"m_AlwaysRefresh":false,"showFog":true,"showSkybox":true,"showFlares":true,"showImageEffects":true,"showParticleSystems":true,"showVisualEffectGraphs":true,"m_FxEnabled":true},"in2DMode":false,"pivot":{"x":-0.5826377272605896,"y":-0.472839891910553,"z":0.22595559060573579},"rotation":{"x":0.26544371247291567,"y":-0.3934893310070038,"z":0.11978327482938767,"w":0.8719872236251831},"size":7.759212970733643,"orthographic":true}